"","X.2","X.1","X","SongInfo","SongNum","SongSpeed","SongSel","SongPath"
"1",1,1,1,"Song 11-Slow","Song 11","Slow","Dawn1","C:/Users/Alan Nielsen/Documents/GitHub/Song Matching Experiment/Simulated/Single/Stimuli/Dawn/Song 11-Slow-Dawn1-Silent.wav"
"2",2,2,2,"Song 2-Control","Song 2","Control","Dawn2","C:/Users/Alan Nielsen/Documents/GitHub/Song Matching Experiment/Simulated/Single/Stimuli/Dawn/Song 2-Control-Dawn2-Silent.wav"
"3",3,3,3,"Song 13-Fast","Song 13","Fast","Dawn3","C:/Users/Alan Nielsen/Documents/GitHub/Song Matching Experiment/Simulated/Single/Stimuli/Dawn/Song 13-Fast-Dawn3-Silent.wav"
"4",4,4,4,"Song 13-Fast","Song 13","Fast","Dawn3","C:/Users/Alan Nielsen/Documents/GitHub/Song Matching Experiment/Simulated/Single/Stimuli/Dawn/Song 13-Fast-Dawn3-Silent.wav"
"5",5,5,5,"Song 2-Control","Song 2","Control","Dawn2","C:/Users/Alan Nielsen/Documents/GitHub/Song Matching Experiment/Simulated/Single/Stimuli/Dawn/Song 2-Control-Dawn2-Silent.wav"
"6",6,6,6,"Song 11-Slow","Song 11","Slow","Dawn1","C:/Users/Alan Nielsen/Documents/GitHub/Song Matching Experiment/Simulated/Single/Stimuli/Dawn/Song 11-Slow-Dawn1-Silent.wav"
"7",7,7,7,"Song 11-Slow","Song 11","Slow","Dawn1","C:/Users/Alan Nielsen/Documents/GitHub/Song Matching Experiment/Simulated/Single/Stimuli/Dawn/Song 11-Slow-Dawn1-Silent.wav"
"8",8,8,8,"Song 2-Control","Song 2","Control","Dawn2","C:/Users/Alan Nielsen/Documents/GitHub/Song Matching Experiment/Simulated/Single/Stimuli/Dawn/Song 2-Control-Dawn2-Silent.wav"
"9",9,9,9,"Song 13-Fast","Song 13","Fast","Dawn3","C:/Users/Alan Nielsen/Documents/GitHub/Song Matching Experiment/Simulated/Single/Stimuli/Dawn/Song 13-Fast-Dawn3-Silent.wav"
"10",10,10,10,"Song 2-Control","Song 2","Control","Dawn2","C:/Users/Alan Nielsen/Documents/GitHub/Song Matching Experiment/Simulated/Single/Stimuli/Dawn/Song 2-Control-Dawn2-Silent.wav"
"11",11,11,11,"Song 13-Fast","Song 13","Fast","Dawn3","C:/Users/Alan Nielsen/Documents/GitHub/Song Matching Experiment/Simulated/Single/Stimuli/Dawn/Song 13-Fast-Dawn3-Silent.wav"
"12",12,12,12,"Song 11-Slow","Song 11","Slow","Dawn1","C:/Users/Alan Nielsen/Documents/GitHub/Song Matching Experiment/Simulated/Single/Stimuli/Dawn/Song 11-Slow-Dawn1-Silent.wav"
"13",13,13,13,"Song 13-Fast","Song 13","Fast","Dawn3","C:/Users/Alan Nielsen/Documents/GitHub/Song Matching Experiment/Simulated/Single/Stimuli/Dawn/Song 13-Fast-Dawn3-Silent.wav"
"14",14,14,14,"Song 11-Slow","Song 11","Slow","Dawn1","C:/Users/Alan Nielsen/Documents/GitHub/Song Matching Experiment/Simulated/Single/Stimuli/Dawn/Song 11-Slow-Dawn1-Silent.wav"
"15",15,15,15,"Song 2-Control","Song 2","Control","Dawn2","C:/Users/Alan Nielsen/Documents/GitHub/Song Matching Experiment/Simulated/Single/Stimuli/Dawn/Song 2-Control-Dawn2-Silent.wav"
"16",16,16,16,"Song 11-Slow","Song 11","Slow","Dawn1","C:/Users/Alan Nielsen/Documents/GitHub/Song Matching Experiment/Simulated/Single/Stimuli/Dawn/Song 11-Slow-Dawn1-Silent.wav"
"17",17,17,17,"Song 13-Fast","Song 13","Fast","Dawn3","C:/Users/Alan Nielsen/Documents/GitHub/Song Matching Experiment/Simulated/Single/Stimuli/Dawn/Song 13-Fast-Dawn3-Silent.wav"
"18",18,18,18,"Song 2-Control","Song 2","Control","Dawn2","C:/Users/Alan Nielsen/Documents/GitHub/Song Matching Experiment/Simulated/Single/Stimuli/Dawn/Song 2-Control-Dawn2-Silent.wav"
"19",19,19,19,"Song 2-Control","Song 2","Control","Dawn2","C:/Users/Alan Nielsen/Documents/GitHub/Song Matching Experiment/Simulated/Single/Stimuli/Dawn/Song 2-Control-Dawn2-Silent.wav"
"20",20,20,20,"Song 11-Slow","Song 11","Slow","Dawn1","C:/Users/Alan Nielsen/Documents/GitHub/Song Matching Experiment/Simulated/Single/Stimuli/Dawn/Song 11-Slow-Dawn1-Silent.wav"
"21",21,21,21,"Song 13-Fast","Song 13","Fast","Dawn3","C:/Users/Alan Nielsen/Documents/GitHub/Song Matching Experiment/Simulated/Single/Stimuli/Dawn/Song 13-Fast-Dawn3-Silent.wav"
"22",22,22,22,"Song 11-Slow","Song 11","Slow","Dawn1","C:/Users/Alan Nielsen/Documents/GitHub/Song Matching Experiment/Simulated/Single/Stimuli/Dawn/Song 11-Slow-Dawn1-Silent.wav"
"23",23,23,23,"Song 2-Control","Song 2","Control","Dawn2","C:/Users/Alan Nielsen/Documents/GitHub/Song Matching Experiment/Simulated/Single/Stimuli/Dawn/Song 2-Control-Dawn2-Silent.wav"
"24",24,24,24,"Song 13-Fast","Song 13","Fast","Dawn3","C:/Users/Alan Nielsen/Documents/GitHub/Song Matching Experiment/Simulated/Single/Stimuli/Dawn/Song 13-Fast-Dawn3-Silent.wav"
"25",25,25,25,"Song 2-Control","Song 2","Control","Dawn2","C:/Users/Alan Nielsen/Documents/GitHub/Song Matching Experiment/Simulated/Single/Stimuli/Dawn/Song 2-Control-Dawn2-Silent.wav"
"26",26,26,26,"Song 11-Slow","Song 11","Slow","Dawn1","C:/Users/Alan Nielsen/Documents/GitHub/Song Matching Experiment/Simulated/Single/Stimuli/Dawn/Song 11-Slow-Dawn1-Silent.wav"
"27",27,27,27,"Song 13-Fast","Song 13","Fast","Dawn3","C:/Users/Alan Nielsen/Documents/GitHub/Song Matching Experiment/Simulated/Single/Stimuli/Dawn/Song 13-Fast-Dawn3-Silent.wav"
"28",28,28,28,"Song 13-Fast","Song 13","Fast","Dawn3","C:/Users/Alan Nielsen/Documents/GitHub/Song Matching Experiment/Simulated/Single/Stimuli/Dawn/Song 13-Fast-Dawn3-Silent.wav"
"29",29,29,29,"Song 2-Control","Song 2","Control","Dawn2","C:/Users/Alan Nielsen/Documents/GitHub/Song Matching Experiment/Simulated/Single/Stimuli/Dawn/Song 2-Control-Dawn2-Silent.wav"
"30",30,30,30,"Song 11-Slow","Song 11","Slow","Dawn1","C:/Users/Alan Nielsen/Documents/GitHub/Song Matching Experiment/Simulated/Single/Stimuli/Dawn/Song 11-Slow-Dawn1-Silent.wav"
